{"0": {"precision": 0.8294025157232704, "recall": 1.0, "f1-score": 0.9067468844005158, "support": 1055.0}, "1": {"precision": 1.0, "recall": 0.7456037514654161, "f1-score": 0.8542646071188716, "support": 853.0}, "accuracy": 0.8862683438155137, "macro avg": {"precision": 0.9147012578616351, "recall": 0.8728018757327081, "f1-score": 0.8805057457596936, "support": 1908.0}, "weighted avg": {"precision": 0.9056706782432129, "recall": 0.8862683438155137, "f1-score": 0.8832838956577262, "support": 1908.0}}