{"accuracy": 0.8862683438155137, "precision": 1.0, "recall": 0.7456037514654161, "f1": 0.8542646071188716, "auc": 0.8727490929698917}