anomaly_cluster,anomaly_probability,anomaly_score,risk_score,count
0,0.7324006158987907,-0.024762835131730276,40.68148148148148,375
1,0.7069338004068334,-0.017431309639617993,36.84444444444445,125
