{
    "accuracy": 0.44073329984932197,
    "precision": 0.5856561751229606,
    "recall": 0.44073329984932197,
    "f1": 0.4638227564085431
}