{
    "DOMAIN": {
        "precision": 0.18421052631578946,
        "recall": 0.7,
        "f1-score": 0.2916666666666667,
        "support": 10.0
    },
    "EMAIL": {
        "precision": 0.09090909090909091,
        "recall": 1.0,
        "f1-score": 0.16666666666666666,
        "support": 5.0
    },
    "FILEPATH": {
        "precision": 0.19298245614035087,
        "recall": 0.6984126984126984,
        "f1-score": 0.3024054982817869,
        "support": 63.0
    },
    "IPV4": {
        "precision": 0.0975609756097561,
        "recall": 0.6666666666666666,
        "f1-score": 0.1702127659574468,
        "support": 12.0
    },
    "Infrastucture": {
        "precision": 0.033816425120772944,
        "recall": 0.7777777777777778,
        "f1-score": 0.06481481481481481,
        "support": 9.0
    },
    "MD5": {
        "precision": 0.0273972602739726,
        "recall": 0.6666666666666666,
        "f1-score": 0.05263157894736842,
        "support": 3.0
    },
    "REGISTRYKEY": {
        "precision": 0.037037037037037035,
        "recall": 1.0,
        "f1-score": 0.07142857142857142,
        "support": 4.0
    },
    "SHA1": {
        "precision": 0.13793103448275862,
        "recall": 0.6666666666666666,
        "f1-score": 0.22857142857142856,
        "support": 12.0
    },
    "SHA2": {
        "precision": 0.0,
        "recall": 0.0,
        "f1-score": 0.0,
        "support": 32.0
    },
    "SOFTWARE": {
        "precision": 0.5806451612903226,
        "recall": 0.14634146341463414,
        "f1-score": 0.23376623376623376,
        "support": 246.0
    },
    "TIME": {
        "precision": 0.37894736842105264,
        "recall": 0.37894736842105264,
        "f1-score": 0.37894736842105264,
        "support": 95.0
    },
    "URL": {
        "precision": 0.3,
        "recall": 0.96,
        "f1-score": 0.45714285714285713,
        "support": 25.0
    },
    "attack-pattern": {
        "precision": 0.506578947368421,
        "recall": 0.31950207468879666,
        "f1-score": 0.39185750636132316,
        "support": 241.0
    },
    "campaign": {
        "precision": 0.14634146341463414,
        "recall": 0.9230769230769231,
        "f1-score": 0.25263157894736843,
        "support": 26.0
    },
    "hash": {
        "precision": 0.014285714285714285,
        "recall": 0.3333333333333333,
        "f1-score": 0.0273972602739726,
        "support": 3.0
    },
    "identity": {
        "precision": 0.6190476190476191,
        "recall": 0.33476394849785407,
        "f1-score": 0.43454038997214484,
        "support": 233.0
    },
    "location": {
        "precision": 0.75,
        "recall": 0.1601423487544484,
        "f1-score": 0.26392961876832843,
        "support": 281.0
    },
    "malware": {
        "precision": 0.34210526315789475,
        "recall": 0.06806282722513089,
        "f1-score": 0.11353711790393013,
        "support": 382.0
    },
    "nan": {
        "precision": 0.7198067632850241,
        "recall": 0.5977933801404213,
        "f1-score": 0.6531506849315069,
        "support": 1994.0
    },
    "threat-actor": {
        "precision": 0.3192771084337349,
        "recall": 0.29775280898876405,
        "f1-score": 0.3081395348837209,
        "support": 178.0
    },
    "tools": {
        "precision": 0.1793478260869565,
        "recall": 0.4230769230769231,
        "f1-score": 0.25190839694656486,
        "support": 78.0
    },
    "url": {
        "precision": 0.0,
        "recall": 0.0,
        "f1-score": 0.0,
        "support": 1.0
    },
    "vulnerability": {
        "precision": 0.20833333333333334,
        "recall": 0.9183673469387755,
        "f1-score": 0.33962264150943394,
        "support": 49.0
    },
    "accuracy": 0.44073329984932197,
    "macro avg": {
        "precision": 0.25506788582670586,
        "recall": 0.5233630966411972,
        "f1-score": 0.23717257309405168,
        "support": 3982.0
    },
    "weighted avg": {
        "precision": 0.5856561751229606,
        "recall": 0.44073329984932197,
        "f1-score": 0.4638227564085431,
        "support": 3982.0
    }
}