{"min": 10.0, "max": 34284.0, "mean": 688.8289920724802, "median": 540.0, "std": 1304.816708606513, "data": [797.0, 502.0, 465.0, 583.0, 515.0, 499.0, 512.0, 568.0, 714.0, 578.0, 484.0, 404.0, 642.0, 460.0, 626.0, 522.0, 970.0, 461.0, 569.0, 412.0, 699.0, 613.0, 660.0, 617.0, 32.0, 508.0, 721.0, 1057.0, 613.0, 1402.0, 772.0, 459.0, 512.0, 624.0, 442.0, 453.0, 515.0, 475.0, 460.0, 513.0, 515.0, 988.0, 849.0, 536.0, 647.0, 482.0, 444.0, 623.0, 13576.0, 603.0, 643.0, 921.0, 527.0, 29.0, 542.0, 533.0, 748.0, 2256.0, 532.0, 480.0, 450.0, 489.0, 374.0, 514.0, 496.0, 683.0, 527.0, 518.0, 491.0, 926.0, 500.0, 413.0, 32.0, 573.0, 489.0, 576.0, 33.0, 1015.0, 437.0, 815.0, 483.0, 649.0, 702.0, 634.0, 606.0, 715.0, 529.0, 463.0, 476.0, 398.0, 581.0, 509.0, 519.0, 466.0, 576.0, 516.0, 888.0, 641.0, 537.0, 719.0, 738.0, 526.0, 527.0, 431.0, 573.0, 660.0, 546.0, 10.0, 1162.0, 496.0, 618.0, 1145.0, 27.0, 1221.0, 626.0, 444.0, 579.0, 472.0, 694.0, 399.0, 604.0, 473.0, 521.0, 506.0, 807.0, 502.0, 696.0, 522.0, 855.0, 490.0, 527.0, 430.0, 464.0, 408.0, 514.0, 932.0, 433.0, 438.0, 450.0, 745.0, 539.0, 415.0, 417.0, 542.0, 761.0, 636.0, 767.0, 505.0, 1010.0, 519.0, 602.0, 1180.0, 816.0, 452.0, 449.0, 772.0, 550.0, 717.0, 691.0, 448.0, 1321.0, 509.0, 455.0, 615.0, 1364.0, 531.0, 530.0, 1129.0, 503.0, 598.0, 515.0, 793.0, 880.0, 558.0, 895.0, 531.0, 547.0, 628.0, 567.0, 22.0, 536.0, 1115.0, 552.0, 949.0, 664.0, 23.0, 481.0, 1859.0, 491.0, 471.0, 447.0, 410.0, 467.0, 556.0, 459.0, 529.0, 462.0, 967.0, 536.0, 597.0, 507.0, 1179.0, 718.0, 630.0, 34.0, 566.0, 450.0, 515.0, 688.0, 981.0, 789.0, 569.0, 688.0, 693.0, 848.0, 505.0, 509.0, 471.0, 644.0, 488.0, 779.0, 893.0, 376.0, 24.0, 1817.0, 464.0, 546.0, 491.0, 502.0, 460.0, 699.0, 46.0, 547.0, 515.0, 480.0, 576.0, 913.0, 720.0, 622.0, 603.0, 511.0, 577.0, 650.0, 549.0, 879.0, 462.0, 723.0, 469.0, 538.0, 786.0, 519.0, 949.0, 671.0, 469.0, 428.0, 495.0, 951.0, 27.0, 590.0, 20.0, 557.0, 714.0, 555.0, 498.0, 849.0, 1019.0, 1400.0, 403.0, 542.0, 1100.0, 2614.0, 673.0, 674.0, 670.0, 519.0, 1459.0, 524.0, 550.0, 35.0, 455.0, 494.0, 424.0, 1884.0, 461.0, 564.0, 451.0, 942.0, 580.0, 787.0, 602.0, 495.0, 609.0, 731.0, 525.0, 479.0, 791.0, 468.0, 585.0, 512.0, 444.0, 583.0, 493.0, 532.0, 600.0, 508.0, 487.0, 1219.0, 503.0, 570.0, 787.0, 528.0, 885.0, 590.0, 2417.0, 25.0, 507.0, 580.0, 678.0, 836.0, 696.0, 501.0, 562.0, 885.0, 30.0, 472.0, 480.0, 470.0, 816.0, 740.0, 667.0, 430.0, 566.0, 501.0, 638.0, 480.0, 1563.0, 510.0, 477.0, 424.0, 471.0, 511.0, 538.0, 619.0, 522.0, 617.0, 632.0, 1517.0, 767.0, 458.0, 1030.0, 726.0, 472.0, 33.0, 788.0, 562.0, 27.0, 488.0, 511.0, 830.0, 630.0, 486.0, 503.0, 504.0, 33.0, 484.0, 627.0, 437.0, 488.0, 463.0, 1153.0, 1490.0, 605.0, 469.0, 444.0, 584.0, 689.0, 481.0, 574.0, 2024.0, 27.0, 857.0, 630.0, 643.0, 959.0, 597.0, 554.0, 541.0, 1203.0, 501.0, 513.0, 583.0, 673.0, 500.0, 485.0, 1417.0, 492.0, 495.0, 580.0, 910.0, 479.0, 434.0, 516.0, 724.0, 833.0, 515.0, 512.0, 452.0, 449.0, 650.0, 677.0, 565.0, 549.0, 475.0, 1557.0, 545.0, 529.0, 783.0, 977.0, 24.0, 26.0, 576.0, 1132.0, 571.0, 789.0, 1282.0, 659.0, 837.0, 673.0, 827.0, 1296.0, 3239.0, 706.0, 534.0, 820.0, 717.0, 25.0, 502.0, 476.0, 540.0, 26.0, 542.0, 466.0, 531.0, 25.0, 972.0, 486.0, 507.0, 529.0, 591.0, 626.0, 491.0, 564.0, 625.0, 450.0, 549.0, 1599.0, 515.0, 646.0, 554.0, 388.0, 476.0, 1496.0, 465.0, 552.0, 456.0, 889.0, 488.0, 507.0, 577.0, 458.0, 515.0, 545.0, 482.0, 626.0, 828.0, 530.0, 502.0, 65.0, 24.0, 458.0, 1573.0, 3817.0, 515.0, 740.0, 509.0, 632.0, 944.0, 1594.0, 632.0, 592.0, 34284.0, 534.0, 436.0, 786.0, 529.0, 501.0, 477.0, 567.0, 1212.0, 884.0, 682.0, 543.0, 1089.0, 28.0, 613.0, 727.0, 482.0, 496.0, 612.0, 1262.0, 446.0, 514.0, 468.0, 498.0, 556.0, 943.0, 2106.0, 519.0, 717.0, 727.0, 815.0, 449.0, 582.0, 509.0, 33.0, 467.0, 22.0, 415.0, 25.0, 447.0, 525.0, 543.0, 630.0, 476.0, 524.0, 2652.0, 550.0, 540.0, 542.0, 504.0, 468.0, 478.0, 553.0, 433.0, 704.0, 28.0, 451.0, 895.0, 1019.0, 495.0, 492.0, 737.0, 457.0, 759.0, 23.0, 831.0, 534.0, 359.0, 852.0, 714.0, 26.0, 1197.0, 526.0, 811.0, 28.0, 387.0, 483.0, 596.0, 726.0, 1009.0, 1504.0, 465.0, 452.0, 793.0, 676.0, 27.0, 43.0, 423.0, 544.0, 422.0, 624.0, 633.0, 427.0, 743.0, 467.0, 808.0, 419.0, 509.0, 922.0, 475.0, 761.0, 491.0, 1535.0, 517.0, 665.0, 528.0, 444.0, 465.0, 29.0, 438.0, 400.0, 564.0, 744.0, 1172.0, 474.0, 710.0, 1406.0, 517.0, 436.0, 1028.0, 670.0, 581.0, 678.0, 24.0, 428.0, 470.0, 491.0, 445.0, 404.0, 816.0, 587.0, 512.0, 488.0, 653.0, 798.0, 511.0, 441.0, 518.0, 461.0, 413.0, 1015.0, 3691.0, 499.0, 503.0, 686.0, 526.0, 464.0, 451.0, 467.0, 452.0, 1109.0, 423.0, 31.0, 374.0, 498.0, 540.0, 550.0, 676.0, 1022.0, 585.0, 545.0, 479.0, 546.0, 451.0, 613.0, 726.0, 493.0, 27.0, 1187.0, 487.0, 32.0, 1274.0, 715.0, 28.0, 508.0, 1123.0, 406.0, 616.0, 496.0, 509.0, 668.0, 1036.0, 463.0, 445.0, 477.0, 29.0, 1365.0, 594.0, 623.0, 39.0, 657.0, 658.0, 701.0, 33.0, 522.0, 877.0, 27.0, 899.0, 459.0, 2345.0, 533.0, 553.0, 28.0, 483.0, 21.0, 488.0, 553.0, 22.0, 547.0, 816.0, 545.0, 1115.0, 641.0, 1196.0, 532.0, 611.0, 510.0, 471.0, 570.0, 472.0, 65.0, 369.0, 445.0, 444.0, 750.0, 455.0, 745.0, 521.0, 651.0, 650.0, 460.0, 647.0, 66.0, 596.0, 589.0, 514.0, 460.0, 412.0, 752.0, 36.0, 413.0, 409.0, 558.0, 459.0, 787.0, 659.0, 526.0, 711.0, 22.0, 484.0, 1295.0, 439.0, 818.0, 846.0, 1006.0, 445.0, 809.0, 450.0, 487.0, 1649.0, 705.0, 44.0, 472.0, 581.0, 503.0, 1402.0, 502.0, 710.0, 521.0, 1377.0, 1013.0, 476.0, 606.0, 723.0, 3224.0, 28.0, 483.0, 701.0, 412.0, 33.0, 710.0, 636.0, 25.0, 524.0, 546.0, 810.0, 490.0, 517.0, 425.0, 649.0, 411.0, 423.0, 2448.0, 891.0, 519.0, 462.0, 563.0, 467.0, 518.0, 554.0, 659.0, 475.0, 440.0, 544.0, 624.0, 456.0, 601.0, 429.0, 427.0, 584.0, 444.0, 11.0, 458.0, 1754.0, 505.0, 670.0, 767.0, 559.0, 452.0, 463.0, 592.0, 728.0, 1890.0, 489.0, 1053.0, 485.0, 564.0, 524.0, 367.0, 2861.0, 482.0, 482.0, 585.0, 622.0, 706.0, 443.0, 525.0, 423.0, 729.0, 557.0, 458.0, 458.0, 443.0, 1494.0, 564.0, 1334.0, 9019.0, 30.0, 827.0, 474.0, 611.0, 618.0, 902.0, 484.0, 416.0, 453.0, 526.0, 466.0, 594.0, 501.0, 550.0, 661.0, 654.0, 482.0, 465.0, 441.0, 34.0, 803.0, 564.0, 521.0, 533.0, 1107.0, 500.0, 482.0, 581.0, 453.0, 38.0, 695.0, 597.0, 977.0, 627.0, 525.0, 640.0, 548.0, 1234.0, 856.0, 495.0, 522.0, 568.0, 611.0, 557.0, 464.0, 559.0]}